Workbook

Sheet ReadMe
B2: D6/D7 — SES Validation & Post-Processing Workbook
B3: Memorial Tunnel TVS | STN-MT-PP-007 Rev A | Synoptic CFD
B5: What this is | C5: A repeatable pipeline that compares SES-predicted airflow/velocity/temperature against measured Memorial Tunnel data, and reports the error used as the validation margin in the Final Report (D9).
B6: Workflow | C6: 1) Run SES locally -> .PRN. 2) parse_prn.py converts .PRN -> *_parsed.csv (SI units). 3) Drop parsed CSVs next to this workbook. 4) Refresh (VBA button or manual paste) -> Comparison + Dashboard update.
B7: Sheets | C7: ReadMe · SES_Data (parsed) · Measured_Data · Comparison · Dashboard · VBA_Instructions
B8: Colour key | C8: Blue = input/paste area. Black = formula. Green = cross-sheet link. Yellow = key result.
B9: Units | C9: All SI. SES .PRN is Imperial; parse_prn.py converts (CFM->m3/s, FPM->m/s, F->C).
B10: Data shown | C10: The reference 100 MW run (Test 615B, MT-T615B-R3-3) is preloaded as a worked example. Replace with your own runs via the refresh path.

Sheet SES_Data
A1: Section | B1: Distance (m) | C1: Flow (m3/s) | D1: Velocity (m/s) | E1: Temp (C)
A2: 1 | B2: 10.7 | C2: 176.1126 | D2: 4.7772 | E2: 5.111
A3: 2 | B3: 32 | C3: 176.1126 | D3: 2.955 | E3: 5.222
A4: 3 | B4: 53.4 | C4: 176.1126 | D4: 2.955 | E4: 5.333
A5: 4 | B5: 79.4 | C5: 176.1126 | D5: 2.955 | E5: 5.444
A6: 5 | B6: 98.1 | C6: 176.1126 | D6: 2.955 | E6: 5.444
A7: 6 | B7: 112.2 | C7: 176.1126 | D7: 2.955 | E7: 5.556
A8: 7 | B8: 133.5 | C8: 176.1126 | D8: 2.955 | E8: 5.611
A9: 8 | B9: 154.9 | C9: 176.1126 | D9: 2.955 | E9: 5.722
A10: 9 | B10: 177.6 | C10: 176.1126 | D10: 2.955 | E10: 5.778
A11: 10 | B11: 193 | C11: 176.1126 | D11: 2.955 | E11: 5.833
A12: 11 | B12: 207 | C12: 176.1126 | D12: 2.955 | E12: 5.889
A13: 12 | B13: 228.3 | C13: 176.1126 | D13: 2.955 | E13: 6
... A46: 45 | B46: 820.4 | C46: 176.1126 | D46: 4.7772 | E46: 315.611

Sheet Measured_Data
A1: Measured quasi-steady airflow (mean of last 25% of record)
A2: Loop | B2: Airflow (m3/s)
A3: Loop 214 | B3: 229.28
A4: Loop 209 | B4: 224.64
A5: Loop 208 | B5: 263.91
A6: Loop 207 | B6: 259.07
A7: Loop 307 | B7: 253.76
A8: Loop 305 | B8: 277.19
A9: Loop 304 | B9: 169.42
A10: Loop 302 | B10: 63.83
A11: Loop 301 | B11: 207.88
A12: Loop 202 | B12: 220.93

Sheet Comparison
A1: SES vs Measured — Quasi-Steady Airflow Validation
A2: Each measured loop (quasi-steady mean, last 25% of record) vs the SES bulk airflow at quasi-steady. Single-bore tunnel: airflow is ~uniform along the length.
A3: Loop / location | B3: Measured (m3/s) | C3: SES (m3/s) | D3: Error (m3/s) | E3: Error (%) | F3: Within +/-15%?
A4: Loop 214 | B4: 229.28 | C4: =AVERAGE(SES_Data!C2:C46) -> 176.1126 | D4: =C4-B4 -> -53.1674 | E4: =IF(B4=0,0,(C4-B4)/B4) -> -0.23188852 | F4: =IF(ABS(E4)<=0.2,"YES","NO") -> NO
A5: Loop 209 | B5: 224.64 | C5: =AVERAGE(SES_Data!C2:C46) -> 176.1126 | D5: =C5-B5 -> -48.5274 | E5: =IF(B5=0,0,(C5-B5)/B5) -> -0.21602297 | F5: =IF(ABS(E5)<=0.2,"YES","NO") -> NO
A6: Loop 208 | B6: 263.91 | C6: =AVERAGE(SES_Data!C2:C46) -> 176.1126 | D6: =C6-B6 -> -87.7974 | E6: =IF(B6=0,0,(C6-B6)/B6) -> -0.33267932 | F6: =IF(ABS(E6)<=0.2,"YES","NO") -> NO
A7: Loop 207 | B7: 259.07 | C7: =AVERAGE(SES_Data!C2:C46) -> 176.1126 | D7: =C7-B7 -> -82.9574 | E7: =IF(B7=0,0,(C7-B7)/B7) -> -0.3202123 | F7: =IF(ABS(E7)<=0.2,"YES","NO") -> NO
A8: Loop 307 | B8: 253.76 | C8: =AVERAGE(SES_Data!C2:C46) -> 176.1126 | D8: =C8-B8 -> -77.6474 | E8: =IF(B8=0,0,(C8-B8)/B8) -> -0.30598755 | F8: =IF(ABS(E8)<=0.2,"YES","NO") -> NO
A9: Loop 305 | B9: 277.19 | C9: =AVERAGE(SES_Data!C2:C46) -> 176.1126 | D9: =C9-B9 -> -101.0774 | E9: =IF(B9=0,0,(C9-B9)/B9) -> -0.36465024 | F9: =IF(ABS(E9)<=0.2,"YES","NO") -> NO
A10: Loop 304 | B10: 169.42 | C10: =AVERAGE(SES_Data!C2:C46) -> 176.1126 | D10: =C10-B10 -> 6.6926 | E10: =IF(B10=0,0,(C10-B10)/B10) -> 0.03950301 | F10: =IF(ABS(E10)<=0.2,"YES","NO") -> YES
A11: Loop 302 | B11: 63.83 | C11: =AVERAGE(SES_Data!C2:C46) -> 176.1126 | D11: =C11-B11 -> 112.2826 | E11: =IF(B11=0,0,(C11-B11)/B11) -> 1.7590882 | F11: =IF(ABS(E11)<=0.2,"YES","NO") -> NO
A12: Loop 301 | B12: 207.88 | C12: =AVERAGE(SES_Data!C2:C46) -> 176.1126 | D12: =C12-B12 -> -31.7674 | E12: =IF(B12=0,0,(C12-B12)/B12) -> -0.15281605 | F12: =IF(ABS(E12)<=0.2,"YES","NO") -> YES
A13: Loop 202 | B13: 220.93 | C13: =AVERAGE(SES_Data!C2:C46) -> 176.1126 | D13: =C13-B13 -> -44.8174 | E13: =IF(B13=0,0,(C13-B13)/B13) -> -0.20285792 | F13: =IF(ABS(E13)<=0.2,"YES","NO") -> NO
A15: Loop mean (measured) | B15: =AVERAGE(B4:B13) -> 216.991 | C15: =C4 -> 176.1126
A16: Overall validation error (SES vs measured mean) | E16: =(C4-AVERAGE(B4:B13))/AVERAGE(B4:B13) -> -0.18838754
A17: Mean absolute % error (per loop) | E17: =SUMPRODUCT(ABS(E4:E13))/COUNT(E4:E13) -> 0.39257061
A19: Interpretation: SES under-predicts bulk airflow (typical for 1-D longitudinal fire modelling). The magnitude of this error is carried as a conservative safety margin on ventilation capacity in the Final Report (D9).

Sheet Dashboard
A1: Validation Dashboard — 100 MW (Test 615B)
A2: Longitudinal velocity & temperature profiles from SES; airflow comparison vs measured.
A40: Design critical velocity (100 MW) = 3.19 m/s (from D2). Sections upstream of the fire should meet or exceed this.

Sheet VBA_Instructions
B2: VBA Automation — Import & Use
B4: This workbook ships with two VBA modules (delivered as .bas files):
B5: • Module_RefreshValidation.bas — imports parsed SES CSV + measured CSV, refreshes Comparison & Dashboard.
B6: • Module_BatchParse.bas — shells parse_prn.py over a folder of .PRN files, then loads results.
B8: To install (one time):
B9: 1. Save this workbook as .xlsm (File > Save As > Excel Macro-Enabled Workbook).
B10: 2. Press Alt+F11 to open the VBA editor.
B11: 3. File > Import File… and select each .bas module.
B12: 4. Close the editor. The macros appear under Developer > Macros.
B14: To use:
B15: • RefreshValidation: prompts for the parsed SES CSV and the measured CSV, then repopulates SES_Data / Measured_Data and recalculates.
B16: • BatchParse: prompts for a folder; runs the Python parser on every .PRN and imports the newest result.
B18: Note: BatchParse requires Python on PATH and parse_prn.py in the same folder. If macros are blocked by policy, use the manual path: paste the *_parsed.csv columns into SES_Data (cols C–E) and the workbook recalculates automatically.
